;count;unique;top;freq;mean;std;min;0%;1%;5%;10%;25%;50%;75%;90%;95%;99%;100%;max;missing;total count;% missing;variability;variability_decision;completeness_decision
Year;560.0;;;;2009.5;5.771436668322538;2000.0;2000.0;2000.0;2000.95;2001.9;2004.75;2009.5;2014.25;2017.1;2018.05;2019.0;2019.0;2019.0;0.0;560.0;0.0;high_variation;accept;accept_100
Country_code;560;28;AT;20;;;;;;;;;;;;;;;;0;560;0.0;high_variation;accept;accept_100
Mean_temperature;560.0;;;;9.670117350603437;3.0965275598495743;2.2493894977168947;2.2493894977168947;3.610314451318711;4.8300224324269525;5.72323418020311;7.668958817323527;9.573817489301844;11.09890339611872;14.876232078717221;15.64787595890411;16.943016307414478;17.218523173515983;17.218523173515983;0.0;560.0;0.0;high_variation;accept;accept_100
Min_temperature;560.0;;;;-11.291046428571427;7.452040864257473;-37.095;-37.095;-28.75828;-23.2856;-20.3523;-16.30625;-11.9285;-5.059;-0.8600999999999991;0.33659999999999674;2.3955899999999906;4.142;4.142;0.0;560.0;0.0;high_variation;accept;accept_100
Max_temperature;560.0;;;;30.675266071428574;4.469309092722124;19.546;19.546;20.6849;22.85015;24.5389;27.61825;31.15;33.975;36.0469;37.2999;39.55232999999999;40.854;40.854;0.0;560.0;0.0;high_variation;accept;accept_100
Country;560;28;Austria;20;;;;;;;;;;;;;;;;0;560;0.0;high_variation;accept;accept_100
Country_code3;560;28;AUT;20;;;;;;;;;;;;;;;;0;560;0.0;high_variation;accept;accept_100
suicide_rate_est;560.0;;;;15.60532392857143;7.093196822582796;2.91;2.91;3.4172000000000002;6.9275;7.899;11.63055;14.4885;18.65955;23.330470000000005;29.15596999999999;41.38260699999993;50.0964;50.0964;0.0;560.0;0.0;high_variation;accept;accept_100
suicide_rate_low;560.0;;;;13.371791964285714;6.216037531770169;2.43;2.43;2.8554;6.248;7.0760000000000005;9.3275;12.21995;16.233424999999997;19.73989;24.860554999999984;36.220255999999935;44.2831;44.2831;0.0;560.0;0.0;high_variation;accept;accept_100
suicide_rate_high;560.0;;;;18.525516249999995;8.534222279173639;3.46;3.46;4.0408;7.8095;8.878;13.57625;17.234949999999998;22.243100000000002;28.000780000000002;34.2323;49.32757399999997;66.1146;66.1146;0.0;560.0;0.0;high_variation;accept;accept_100
suicide_rate_est_MEN;560.0;;;;24.590989464285716;12.565938005504776;4.68;4.68;5.5698;10.792565;12.01417;16.560075;21.841250000000002;28.971175;39.69994000000001;47.914645;73.15968399999988;86.158;86.158;0.0;560.0;0.0;high_variation;accept;accept_100
suicide_rate_low_MEN;560.0;;;;21.28154089285714;11.10557360802745;3.95;3.95;4.7221;9.57;10.931899999999999;14.434525;18.61805;25.125575;35.19035;41.65193499999998;64.77245099999989;77.0112;77.0112;0.0;560.0;0.0;high_variation;accept;accept_100
suicide_rate_high_MEN;560.0;;;;28.98598339285714;15.248352626442959;5.48;5.48;6.4939;11.65736;13.369250000000001;19.93105;26.2808;33.7113;46.483260000000016;56.06494499999992;86.42209999999986;116.9414;116.9414;0.0;560.0;0.0;high_variation;accept;accept_100
suicide_rate_est_WMEN;560.0;;;;7.239805357142856;3.115890531088084;0.737;0.737;1.1818;3.24;3.51;4.54;7.115;9.29;11.66192;12.479869999999998;15.284017;18.3685;18.3685;0.0;560.0;0.0;high_variation;accept;accept_100
suicide_rate_low_WMEN;560.0;;;;6.005535178571428;2.6249141290791447;0.579;0.579;0.93721;2.5175;3.02;3.8375;5.74;7.74;9.755;10.452515;12.863412;15.4882;15.4882;0.0;560.0;0.0;high_variation;accept;accept_100
suicide_rate_high_WMEN;560.0;;;;8.794210714285715;3.787455784790822;0.925;0.925;1.4859;3.6694999999999998;4.156000000000001;5.5075;8.715;11.332125;13.837330000000001;15.21665;18.548159999999978;21.3959;21.3959;0.0;560.0;0.0;high_variation;accept;accept_100
Population;560.0;;;;18329719.798214287;22449302.624582645;436300.0;436300.0;469570.61;1327409.8;2033018.7000000002;4649259.0;8876014.5;17851567.5;60637806.400000006;66071519.39999999;82477241.92999999;83092962.0;83092962.0;0.0;560.0;0.0;high_variation;accept;accept_100
Country_cross;560;28;austria;20;;;;;;;;;;;;;;;;0;560;0.0;high_variation;accept;accept_100
Num-Pre-Bot-Men_dis;560.0;;;;2675446.5625600023;3393137.2662980505;63254.88030131118;63254.88030131118;67333.65122593475;169745.64113120118;249852.45474972262;631859.7535193025;1207412.9248550967;2498538.6057869773;9055697.634279499;10244917.338132637;12303844.15749588;12609726.36140328;12609726.36140328;0.0;560.0;0.0;high_variation;accept;accept_100
Per-Pre-Bot-Men_dis;560.0;;;;0.14902956894703567;0.021721277013293804;0.1096146362903923;0.1096146362903923;0.11028877181122711;0.11889085814890395;0.12052532476800684;0.1267691749673465;0.15179713229224784;0.16271280206940233;0.17708761146122123;0.18512302051379984;0.19591047516644677;0.2001392680463341;0.2001392680463341;0.0;560.0;0.0;high_variation;accept;accept_100
Rat-Pre-Bot-Men_dis;560.0;;;;14131.07314118453;1984.5211317949609;10422.10944233213;10422.10944233213;10497.623861738042;11379.496384927474;11521.51657943763;12152.305184783389;14297.62207162708;15338.518114428756;16544.065596120134;17478.74397928726;18561.12748611937;18938.65963161232;18938.65963161232;0.0;560.0;0.0;high_variation;accept;accept_100
Num-Pre-Bot-Res_inf_and_tub;560.0;;;;2789694.093954459;3172458.3318588943;59982.5479564576;59982.5479564576;60558.24914804219;287562.10168748646;430635.94730411016;684084.0942932484;1385215.1568498202;2837230.6413090997;8595584.425232828;9789510.312307384;11449793.291421598;12068281.77501548;12068281.77501548;0.0;560.0;0.0;high_variation;accept;accept_100
Per-Pre-Bot-Res_inf_and_tub;560.0;;;;0.18117134898293058;0.06180959921035024;0.0720952394231332;0.0720952394231332;0.07746551031643552;0.11826926969514495;0.12182415789659289;0.1320252434356246;0.15111193759797345;0.233965786771994;0.27335551388495777;0.2942517216501994;0.3201221996980272;0.3315027610639299;0.3315027610639299;0.0;560.0;0.0;high_variation;accept;accept_100
Rat-Pre-Bot-Res_inf_and_tub;560.0;;;;17232.491663112825;6000.264652307595;6816.225383212493;6816.225383212493;7304.414602168698;11114.22500876826;11496.116318512359;12433.955903809561;14275.33003514534;22328.729048976034;26204.784307677397;28156.869000480823;30631.77171862578;31952.97723113598;31952.97723113598;0.0;560.0;0.0;high_variation;accept;accept_100
Num-Pre-Bot-Neo;560.0;;;;2316766.985255553;2974031.3199797543;53372.84448663642;53372.84448663642;56179.841946792105;226272.54148115814;299417.47772525996;652664.4507869089;1097075.1407781234;2140638.3584293886;6344029.072440023;8792516.685646193;13846824.828704458;14391992.57549783;14391992.57549783;0.0;560.0;0.0;high_variation;accept;accept_100
Per-Pre-Bot-Neo;560.0;;;;0.14357876060611238;0.038859957440085004;0.0504932259099619;0.0504932259099619;0.051461235310364534;0.089877752539401;0.09766956881656821;0.11862533942787952;0.13814797647166624;0.16561322892165242;0.18895072492485027;0.20332863533711715;0.2695914512208213;0.2749692472699216;0.2749692472699216;0.0;560.0;0.0;high_variation;accept;accept_100
Rat-Pre-Bot-Neo;560.0;;;;13644.47571490454;3760.4820523769195;4805.724066762786;4805.724066762786;4896.509037981635;8442.370546147582;9155.06352065141;11190.810568659703;13065.065111944976;15732.494586499197;18148.632769766074;19502.730723784975;25620.114414240943;26139.672143480697;26139.672143480697;0.0;560.0;0.0;high_variation;accept;accept_100
Num-Pre-Bot-Car_dis;560.0;;;;1975371.0447617734;2510545.072758301;39923.25451600675;39923.25451600675;44027.678221591865;171613.65289742497;253342.95144898238;496036.58210376697;984252.5041944138;1859038.177909032;5905173.213517526;8342622.064373558;9911875.553595245;10312277.949536404;10312277.949536404;0.0;560.0;0.0;high_variation;accept;accept_100
Per-Pre-Bot-Car_dis;560.0;;;;0.11416607245212108;0.01795406907542005;0.0753596966084753;0.0753596966084753;0.07638420432399692;0.09198963511456083;0.09417293935618629;0.09904633338685268;0.1121803031901555;0.12725564425968416;0.1407252629128986;0.14596147369751006;0.15401405470538165;0.1651757628023815;0.1651757628023815;0.0;560.0;0.0;high_variation;accept;accept_100
Rat-Pre-Bot-Car_dis;560.0;;;;10845.75386933593;1777.8294772535282;6983.812260760719;6983.812260760719;7083.597218250126;8706.969054473406;8889.757014511499;9349.259232239645;10608.74765879817;12110.177961480691;13454.589637821271;14000.618380429556;14726.693395300337;15937.503523532434;15937.503523532434;0.0;560.0;0.0;high_variation;accept;accept_100
Num-Pre-Bot-Chr_res_dis;560.0;;;;1974745.4503643282;2629668.764405347;49911.126374347295;49911.126374347295;52194.75473535873;60325.57310608311;129128.32747076242;464863.5352160217;879040.3543526889;1804665.1546801548;6573975.001617173;9007684.885601075;10012316.33877878;10188014.570440892;10188014.570440892;0.0;560.0;0.0;high_variation;accept;accept_100
Per-Pre-Bot-Chr_res_dis;560.0;;;;0.10424995178212461;0.03166831784168951;0.0392021633862669;0.0392021633862669;0.04102597459376052;0.05280459762946772;0.05532478390745627;0.08452944976972787;0.10766590715568936;0.12661816907643575;0.14059865819863018;0.15666794575203266;0.1734427625281802;0.1756692568998211;0.1756692568998211;0.0;560.0;0.0;high_variation;accept;accept_100
Rat-Pre-Bot-Chr_res_dis;560.0;;;;9873.298368875101;2944.4530955601635;3745.727884017022;3745.727884017022;3920.2116892412696;5047.402782278977;5295.922751602586;8118.881227019587;10157.04593773868;11853.019044856026;13292.020649621498;14829.506388982763;16411.621083594528;16609.792665279398;16609.792665279398;0.0;560.0;0.0;high_variation;accept;accept_100
Num-Pre-Bot-Neu_dis;560.0;;;;8078322.386021454;10097172.809510441;183007.45000490115;183007.45000490115;197624.5191797942;550538.37571319;834422.361494933;2079880.2958141102;3884390.097222672;8024354.52940912;27074980.403406296;29272841.67008226;37839124.52355602;38804831.17174199;38804831.17174199;0.0;560.0;0.0;high_variation;accept;accept_100
Per-Pre-Bot-Neu_dis;560.0;;;;0.45278522482536304;0.02587952653910704;0.4010413258678019;0.4010413258678019;0.40240613391665864;0.42123246247477275;0.42364226585376336;0.4299940481679093;0.4516209520807179;0.46698043634916425;0.49440589396836443;0.4984759074589935;0.507836258370707;0.509786209330042;0.509786209330042;0.0;560.0;0.0;high_variation;accept;accept_100
Rat-Pre-Bot-Neu_dis;560.0;;;;42959.20645584757;2283.3168758457537;38337.3830083656;38337.3830083656;38585.283963723;40390.82703870049;40559.853821852565;41029.13552190851;42687.03323995383;44173.923201779726;46672.063194356895;47273.47923344864;48447.4426588552;49080.18714169565;49080.18714169565;0.0;560.0;0.0;high_variation;accept;accept_100
Num-Pre-Bot-Sub_use_dis;560.0;;;;619843.8486231108;786159.1047828565;16924.318882469244;16924.318882469244;17214.273123536837;48991.62608999718;73787.82428615655;160328.74252685907;312397.8361695761;469901.15904890385;1956888.3376118275;2500965.8719698708;3262894.91460835;3351306.306826705;3351306.306826705;0.0;560.0;0.0;high_variation;accept;accept_100
Per-Pre-Bot-Sub_use_dis;560.0;;;;0.03612079500133002;0.006871834393701778;0.0212318461526536;0.0212318461526536;0.02275610035991908;0.025459309596074068;0.026788610274784432;0.031834105732348406;0.03588116404807175;0.040319603120096706;0.044549779919827975;0.04832012804281371;0.05234592065633849;0.0541955565874887;0.0541955565874887;0.0;560.0;0.0;high_variation;accept;accept_100
Rat-Pre-Bot-Sub_use_dis;560.0;;;;3425.297216891283;636.7850170439705;2011.367591981805;2011.367591981805;2154.52981788645;2388.779199171438;2554.732543878132;3025.1055247551603;3393.8096943439564;3839.2201952840255;4194.497717424797;4531.883527278211;4926.50368481148;5095.975564199418;5095.975564199418;0.0;560.0;0.0;high_variation;accept;accept_100
Num-Pre-Bot-Dia_and_kid_dis;560.0;;;;2756272.9059298523;3533672.0853264513;46219.46252636556;46219.46252636556;56556.11430532873;228044.64427154488;339483.55344590015;637519.3963263811;1318782.5497706798;2480075.3599814284;8339136.994461124;10782595.54629167;14867349.265534163;16991600.390607398;16991600.390607398;0.0;560.0;0.0;high_variation;accept;accept_100
Per-Pre-Bot-Dia_and_kid_dis;560.0;;;;0.1566280548243643;0.024530134999851645;0.0967549685339472;0.0967549685339472;0.1018010046831985;0.11777308780030563;0.1252532170249347;0.13943308677687985;0.1561806814031696;0.1739048706830801;0.1897045469858452;0.19700496820680236;0.21123688866177057;0.2346460355401382;0.2346460355401382;0.0;560.0;0.0;high_variation;accept;accept_100
Rat-Pre-Bot-Dia_and_kid_dis;560.0;;;;14876.880460926624;2408.008405592186;8973.46091902123;8973.46091902123;9471.370901891913;11057.630486240294;11768.317159989727;13192.562056477269;14874.966702210759;16569.734811507467;18053.87920320473;18875.59224881521;20141.943104085112;22420.393254252627;22420.393254252627;0.0;560.0;0.0;high_variation;accept;accept_100
Num-Pre-Bot-Ski_and_sub_dis;560.0;;;;5676432.890368234;7437401.397581769;135504.51735662835;135504.51735662835;147564.85276582473;335296.3906233696;489607.5029981746;1291041.880650638;2528135.4813337363;4978369.877860273;20244170.06547658;21889020.39389719;27823278.192364555;29131102.02832986;29131102.02832986;0.0;560.0;0.0;high_variation;accept;accept_100
Per-Pre-Bot-Ski_and_sub_dis;560.0;;;;0.3066053546639051;0.04487591195116148;0.2309459958282085;0.2309459958282085;0.2335846389309067;0.24080971307346538;0.24644887079314878;0.2559220044767513;0.33403692240923455;0.3436290507702358;0.3521949126858915;0.3571933627676447;0.3632662528368701;0.3695318776708351;0.3695318776708351;0.0;560.0;0.0;high_variation;accept;accept_100
Rat-Pre-Bot-Ski_and_sub_dis;560.0;;;;29067.523784047447;4076.8049806972867;22127.747254692247;22127.747254692247;22420.54627184827;23070.26220784835;23563.892384544535;24487.21008224913;31424.02726704312;32473.64700278947;33300.86379428238;33782.747574388166;34309.297295308985;34719.554998494335;34719.554998494335;0.0;560.0;0.0;high_variation;accept;accept_100
Num-Pre-Bot-Mus_dis;560.0;;;;5025280.2562935315;6651789.397026528;113082.25656692788;113082.25656692788;124612.51569246473;287790.2126028568;458867.89619427855;1090103.1316648517;2252316.6145112673;4359111.584494389;17949048.371732302;19475743.77454335;25746014.961550236;26772052.8607788;26772052.8607788;0.0;560.0;0.0;high_variation;accept;accept_100
Per-Pre-Bot-Mus_dis;560.0;;;;0.2697754652900669;0.042788732660138655;0.1880075066306982;0.1880075066306982;0.19582768690172078;0.20664446186553959;0.21313092183026516;0.22842695002226612;0.2766915669669885;0.30404024747379554;0.3259270229193117;0.33586047688019416;0.34593903004276905;0.3490796923702347;0.3490796923702347;0.0;560.0;0.0;high_variation;accept;accept_100
Rat-Pre-Bot-Mus_dis;560.0;;;;25579.596556472858;3937.145519371573;17915.172619343088;17915.172619343088;18763.968628909013;19750.9451145758;20388.44458636728;21883.430336017253;26032.974661730488;28776.5465098418;30884.958366248742;31733.00688772002;32672.930825012085;33030.86754592233;33030.86754592233;0.0;560.0;0.0;high_variation;accept;accept_100
Num-Pre-Bot-Nut_def;560.0;;;;1139902.0881993049;1348525.2802920125;22057.02600692461;22057.02600692461;22440.309068560087;114201.87250026561;156353.74865865763;256365.19733165507;484118.0270581935;1108277.3257280479;3677194.797138553;3881199.711235878;4440737.450857313;5169129.192420301;5169129.192420301;0.0;560.0;0.0;high_variation;accept;accept_100
Per-Pre-Bot-Nut_def;560.0;;;;0.06863293655297749;0.022264600049779964;0.0414427175180353;0.0414427175180353;0.0417942023082785;0.04452990005231706;0.04632434771174638;0.04948892502083613;0.06122107705255875;0.08391936866430452;0.1037201517691576;0.10880336667936186;0.11390181057305677;0.1213587776347047;0.1213587776347047;0.0;560.0;0.0;high_variation;accept;accept_100
Rat-Pre-Bot-Nut_def;560.0;;;;6528.84318040077;2168.444686891112;3910.209930403063;3910.209930403063;3945.184700523288;4229.353457939459;4388.655334535044;4665.555619496395;5761.667029838517;8024.55454850284;9971.60677278496;10433.863915070599;10940.01465665734;11633.36583843572;11633.36583843572;0.0;560.0;0.0;high_variation;accept;accept_100
Num-Pre-Bot-Dig_dis;560.0;;;;5065359.834859944;6273882.6037441855;99972.25014271804;99972.25014271804;110632.27962172966;417598.6062924221;678310.9428630648;1242604.4276761552;2407821.599941777;4428475.09065325;17758652.502143204;20194007.288646247;22511974.207513757;22929009.23422636;22929009.23422636;0.0;560.0;0.0;high_variation;accept;accept_100
Per-Pre-Bot-Dig_dis;560.0;;;;0.29231690467118876;0.048119979125685095;0.199433790338037;0.199433790338037;0.20854538003677228;0.21409921233285384;0.22867404887005077;0.252391223323968;0.2965431837489355;0.33491332048043976;0.3509736630281986;0.36044280002078316;0.38615451137041634;0.394001862086204;0.394001862086204;0.0;560.0;0.0;high_variation;accept;accept_100
Rat-Pre-Bot-Dig_dis;560.0;;;;27777.200271917915;4789.181982098854;18790.29009227638;18790.29009227638;19562.926330229933;20144.509276563138;21449.536659647467;23699.813482057216;28150.85481800611;32104.116907062707;33660.796712964424;34727.818936248324;37105.47590374343;38016.587839846135;38016.587839846135;0.0;560.0;0.0;high_variation;accept;accept_100
Num-Pre-Bot-Mal_ski_mel;560.0;;;;25226.391958239143;35949.00609660656;575.8033948628117;575.8033948628117;758.4392230523978;1082.4152072505933;1654.2435663541337;4237.879128545085;10350.724423829573;20698.087779327245;91174.39411299014;108131.02721479093;156157.3994559357;162806.53689618132;162806.53689618132;0.0;560.0;0.0;high_variation;accept;accept_100
Per-Pre-Bot-Mal_ski_mel;560.0;;;;0.0014358279108715871;0.0007538169555130223;0.0001742553676112;0.0001742553676112;0.000227402898434856;0.00034821384828569505;0.00046170949975758;0.0008334393981203;0.0013601410736530498;0.0019189199440266;0.00252217620944972;0.0029037723809640695;0.003246682283355407;0.0033034937475248;0.0033034937475248;0.0;560.0;0.0;high_variation;accept;accept_100
Rat-Pre-Bot-Mal_ski_mel;560.0;;;;135.8734673822176;70.79463673110193;16.703317833843023;16.703317833843023;21.88875328608186;33.393272438457345;44.17244599613795;79.85995228728974;129.5736329391941;180.04458475670143;237.93771179454112;274.8531417710022;305.55434276370823;311.3452904390604;311.3452904390604;0.0;560.0;0.0;high_variation;accept;accept_100
Num-Pre-Bot-Lip_and_ora_cav_can;560.0;;;;7866.905971435786;11070.20283040532;201.33773109629288;201.33773109629288;208.1080578699982;399.49498989247434;451.05981316934077;1450.6502241949017;2755.1531162069896;6776.4451444109945;31445.977760462032;34374.97071487978;38943.88702439984;41505.95893789945;41505.95893789945;0.0;560.0;0.0;high_variation;accept;accept_100
Per-Pre-Bot-Lip_and_ora_cav_can;560.0;;;;0.00040346539287942413;0.00014890879681433425;0.0001449840798551;0.0001449840798551;0.000158544005062752;0.00017997628619361502;0.00022670311012062003;0.000297078050034675;0.0003820807647763;0.00048466221628217497;0.00064425622284465;0.00072162882046603;0.0007795365980325455;0.0008492531172879;0.0008492531172879;0.0;560.0;0.0;high_variation;accept;accept_100
Rat-Pre-Bot-Lip_and_ora_cav_can;560.0;;;;38.25225404689674;14.043823891093279;13.927827411508057;13.927827411508057;15.127928148469222;17.247958135842936;21.59040307669889;28.09976035351477;35.96846439186727;46.10402875589786;60.7917683487949;68.10457681880155;73.42214257665542;80.29452771391954;80.29452771391954;0.0;560.0;0.0;high_variation;accept;accept_100
Num-Pre-Bot-Tra_bro_and_lun_can;560.0;;;;17734.314096366248;24677.12776316999;338.7628643261446;338.7628643261446;406.3745721856948;809.8019769702094;1427.384567694132;3910.828675040237;6447.50730968067;13737.67569301833;61685.35646388693;72888.84908147845;101555.63554287654;103164.48840056124;103164.48840056124;0.0;560.0;0.0;high_variation;accept;accept_100
Per-Pre-Bot-Tra_bro_and_lun_can;560.0;;;;0.0009161328977979307;0.0002535919501580485;0.000389606599988;0.000389606599988;0.000459645702921027;0.0005162670354502699;0.0005710852865689401;0.000710699264424375;0.00091762145599055;0.0010990911486335;0.00126456916011758;0.00130851640763195;0.0014695876655352266;0.0015697004279744;0.0015697004279744;0.0;560.0;0.0;high_variation;accept;accept_100
Rat-Pre-Bot-Tra_bro_and_lun_can;560.0;;;;86.89751542047958;23.912590507892695;36.86692600688441;36.86692600688441;43.45512699127846;48.9566559620381;54.60187722990474;67.16625152244306;86.6643099295291;104.38655145564118;120.52655738001295;124.5916586609544;137.21088139312596;146.3490237838858;146.3490237838858;0.0;560.0;0.0;high_variation;accept;accept_100
Num-Pre-Bot-Non_ski_can;560.0;;;;2954.22735174044;4211.487290678323;49.07649497155599;49.07649497155599;55.42844336001618;74.552716443388;130.65510144872508;483.61648851935104;1042.318795816484;2654.785571713179;10617.055292548603;13124.667565216416;15968.297908213754;19758.344856409043;19758.344856409043;0.0;560.0;0.0;high_variation;accept;accept_100
Per-Pre-Bot-Non_ski_can;560.0;;;;0.00015415667817796042;8.354951331201938e-05;1.932426786711986e-05;1.932426786711986e-05;2.3332477992621967e-05;4.757967810887577e-05;5.764410121453589e-05;7.585370854818235e-05;0.0001527415819954;0.000204527053429425;0.00024762207282367;0.00031716548680239977;0.00038521561511816203;0.0004848359030429;0.0004848359030429;0.0;560.0;0.0;high_variation;accept;accept_100
Rat-Pre-Bot-Non_ski_can;560.0;;;;14.59562004400622;7.882901149486027;1.8344762533992107;1.8344762533992107;2.2275581170354837;4.549083465499306;5.51662132069157;7.256381046292226;14.420223010013858;19.295113177931032;23.417363319784407;29.8981027625935;36.60192904687363;46.29684245407972;46.29684245407972;0.0;560.0;0.0;high_variation;accept;accept_100
Num-Pre-Bot-Tot_can;560.0;;;;559909.4103000155;780964.2865884817;11966.49769832272;11966.49769832272;13858.688558086778;32514.229171897292;43153.016052706414;122602.40788993012;252084.2011054873;404927.78866257635;2020966.3936314813;2455666.8044194286;3074317.995430475;3231787.328194149;3231787.328194149;0.0;560.0;0.0;high_variation;accept;accept_100
Per-Pre-Bot-Tot_can;560.0;;;;0.029493167953588976;0.007301849160469855;0.0114203133613958;0.0114203133613958;0.012972559741177253;0.01603818650015364;0.01849837047051736;0.0243773832589443;0.0308480094883314;0.034979314028327074;0.037650761680923;0.03997327488102122;0.04391454474571036;0.0462381660420861;0.0462381660420861;0.0;560.0;0.0;high_variation;accept;accept_100
Rat-Pre-Bot-Tot_can;560.0;;;;2795.7310103191376;683.510070790227;1094.716608494797;1094.716608494797;1239.369574042794;1529.1856558986772;1780.6945388016518;2336.221206945137;2915.5753763353796;3294.9009227583133;3536.9820336338516;3790.5641574149818;4199.106256785171;4358.873144014192;4358.873144014192;0.0;560.0;0.0;high_variation;accept;accept_100
Num-Dea-Bot-Men_dis;560.0;;;;2.9036461892454724;5.136944871374946;0.0071352745536137;0.0071352745536137;0.0077133132974785065;0.008462564759009649;0.016068263346104766;0.06379439560717487;0.5797217636673782;3.3859663130314903;11.293827307262314;13.855053468987018;23.21174647766608;24.502355285205905;24.502355285205905;0.0;560.0;0.0;high_variation;accept;accept_100
Per-Dea-Bot-Men_dis;560.0;;;;1.3981694214419944e-05;1.6500490612402847e-05;9.878588581675557e-08;9.878588581675557e-08;1.0540637604421456e-07;2.077442163566641e-07;3.733591286846943e-07;1.9529706272592574e-06;8.254731160186379e-06;2.1602289410730807e-05;3.657217363825246e-05;4.72654602226589e-05;7.460782623508458e-05;8.282984657470228e-05;8.282984657470228e-05;0.0;560.0;0.0;high_variation;accept;accept_100
Rat-Dea-Bot-Men_dis;560.0;;;;0.0125054476046412;0.013715166859216059;0.0001638946456283;0.0001638946456283;0.000176977437950982;0.00026780154316042;0.00038578137165018;0.0024267310887543247;0.0072412683303494495;0.0196395375071901;0.029029076092534325;0.042251517962004125;0.05951858821332547;0.0643925452339895;0.0643925452339895;0.0;560.0;0.0;high_variation;accept;accept_100
Num-Dea-Bot-Res_inf_and_tub;560.0;;;;6119.072405670667;8571.897836197202;115.27733335902263;115.27733335902263;119.71929623386278;251.96073930544813;568.4738335112178;1132.9059640319997;2386.746370441074;7509.924431946745;18642.410038032333;22750.00940365321;40695.21292851833;49367.45989625392;49367.45989625392;0.0;560.0;0.0;high_variation;accept;accept_100
Per-Dea-Bot-Res_inf_and_tub;560.0;;;;0.032999841896562146;0.01577939228050612;0.0085394427787436;0.0085394427787436;0.008759592577837559;0.01209691009553626;0.01523656867244892;0.0199772518267564;0.0310840563314532;0.040517945349938404;0.05500400462344542;0.06561009423908347;0.07358746123432659;0.0813899488565979;0.0813899488565979;0.0;560.0;0.0;high_variation;accept;accept_100
Rat-Dea-Bot-Res_inf_and_tub;560.0;;;;31.986850313682435;13.553563516613181;11.047742167740376;11.047742167740376;11.398888207007154;12.602942790321906;15.137811381794833;23.335685789334676;29.515197243587536;37.54243397419019;52.713357704256154;58.29398962725759;73.62377079879658;82.89008564801374;82.89008564801374;0.0;560.0;0.0;high_variation;accept;accept_100
Num-Dea-Bot-Neo;560.0;;;;51601.88960236775;66472.9920809653;1074.677237711114;1074.677237711114;1129.58791959285;3738.3600644174376;5768.996578324552;11447.787769779427;23080.091491338353;48060.930618050916;171324.4334762787;187870.61095247988;263192.7672723719;274087.7674037591;274087.7674037591;0.0;560.0;0.0;high_variation;accept;accept_100
Per-Dea-Bot-Neo;560.0;;;;0.2714768047890325;0.04501981481374541;0.1122536599602054;0.1122536599602054;0.1561483978703762;0.18450998586263928;0.20077675197535444;0.2527865924726348;0.27816220696914584;0.3023778917896028;0.31700161023120027;0.3332159150790823;0.36121454971885036;0.3651501131746676;0.3651501131746676;0.0;560.0;0.0;high_variation;accept;accept_100
Rat-Dea-Bot-Neo;560.0;;;;269.6329424438315;37.03515009652489;180.36546780338105;180.36546780338105;191.64294862330377;204.6047488328301;222.57037512692938;245.4330211545897;271.22334055458134;293.5380293977811;315.5487544521203;326.6619345464147;358.7111428170339;365.3387564601688;365.3387564601688;0.0;560.0;0.0;high_variation;accept;accept_100
Num-Dea-Bot-Car_dis;560.0;;;;69842.45433483722;79350.447699702;1212.1909165070097;1212.1909165070097;1253.8410215775004;6909.323385096835;9242.290398333884;20743.28216895551;34336.503872934685;94909.8629148227;176984.66892757494;221446.223750276;347316.1411088036;364284.72048232186;364284.72048232186;0.0;560.0;0.0;high_variation;accept;accept_100
Per-Dea-Bot-Car_dis;560.0;;;;0.4175338206267867;0.09653049662875839;0.2681201710865974;0.2681201710865974;0.2698523970888441;0.2802596569122133;0.3016171678266379;0.3400364416585028;0.39911126559420007;0.47962980211668926;0.5647414907138844;0.5776718736698155;0.6532897742078959;0.68527589648065;0.68527589648065;0.0;560.0;0.0;high_variation;accept;accept_100
Rat-Dea-Bot-Car_dis;560.0;;;;443.0442562142098;198.64780305914235;195.44845704817683;195.44845704817683;200.03797735337244;229.5686491341373;245.28792109571611;294.4234683427287;389.7766771701869;544.4603534392706;717.6392229658095;796.7366611208771;1087.7312636610102;1140.9330515361728;1140.9330515361728;0.0;560.0;0.0;high_variation;accept;accept_100
Num-Dea-Bot-Chr_res_dis;560.0;;;;8755.067161677634;11966.471700417156;178.45729991924352;178.45729991924352;182.98538174654573;293.09974490924816;472.84936912421796;1705.0048974998012;3572.790224614805;8781.183465860915;30647.582434830503;37721.62400512069;48040.550153908116;51878.55215492874;51878.55215492874;0.0;560.0;0.0;high_variation;accept;accept_100
Per-Dea-Bot-Chr_res_dis;560.0;;;;0.044357118549462116;0.01928886316951803;0.0144283297018495;0.0144283297018495;0.014608318362234283;0.017998564991802652;0.02047661513905369;0.0299046234331508;0.0397508931155877;0.05852991015258335;0.07370506447313767;0.08113125494907754;0.08375886925256099;0.0853061000548666;0.0853061000548666;0.0;560.0;0.0;high_variation;accept;accept_100
Rat-Dea-Bot-Chr_res_dis;560.0;;;;42.85779589124275;15.531847328126378;18.55860797682628;18.55860797682628;19.76115185858627;21.05991391488771;22.761904981390792;30.50202503432969;39.698152578252824;53.130094376851225;68.01952130450792;73.78978726977947;77.76512920686281;79.44192281283802;79.44192281283802;0.0;560.0;0.0;high_variation;accept;accept_100
Num-Dea-Bot-Neu_dis;560.0;;;;11865.828271496459;16301.697204839851;195.59564266706832;195.59564266706832;217.87280665400152;658.9049312047412;1068.712508494808;2214.5280339534893;4795.248624078906;9150.592698166594;41139.69863035929;50492.82186914081;61580.78859250674;70676.01137211832;70676.01137211832;0.0;560.0;0.0;high_variation;accept;accept_100
Per-Dea-Bot-Neu_dis;560.0;;;;0.059695081023705236;0.01845396793560099;0.0240745491397207;0.0240745491397207;0.025639073047082593;0.03156535699759062;0.03472164101976713;0.0439467389429657;0.06000173360824345;0.07417020354523926;0.08316624349714392;0.09100875368204268;0.09773337708936097;0.1004115082306896;0.1004115082306896;0.0;560.0;0.0;high_variation;accept;accept_100
Rat-Dea-Bot-Neu_dis;560.0;;;;58.195312848558025;13.534609963703732;28.527922530629297;28.527922530629297;33.625427642859506;37.75524777788353;40.47628056324484;46.969080095375354;58.31781957467792;66.99728980073336;76.47902356799449;79.99113847240771;90.17319028743117;101.80575068090796;101.80575068090796;0.0;560.0;0.0;high_variation;accept;accept_100
Num-Dea-Bot-Sub_use_dis;560.0;;;;1196.2316700920778;1736.98864997402;35.89694281970777;35.89694281970777;37.27280497717398;156.83731253389035;213.22186905530938;332.0577364006412;549.6515763150896;925.3015608293215;4418.111824136777;5363.431660443902;7568.489996263675;8057.046719196334;8057.046719196334;0.0;560.0;0.0;high_variation;accept;accept_100
Per-Dea-Bot-Sub_use_dis;560.0;;;;0.008315746417656441;0.005358117608736279;0.0012272732956644;0.0012272732956644;0.001319442766374826;0.0016712777447896651;0.0021114409244285502;0.004082410777658601;0.00765442025988775;0.011286376158429926;0.015568874691053546;0.01998594056442852;0.02397750298627351;0.0247763841549668;0.0247763841549668;0.0;560.0;0.0;high_variation;accept;accept_100
Rat-Dea-Bot-Sub_use_dis;560.0;;;;8.43716037575873;6.120131635753682;1.3484690353650113;1.3484690353650113;1.3771501263472912;2.073272613943023;2.3344912895619867;4.0600804450014705;6.955561677774057;9.716553751477964;17.637843762391793;19.608496243846513;29.439601142945275;31.71726537035357;31.71726537035357;0.0;560.0;0.0;high_variation;accept;accept_100
Num-Dea-Bot-Dia_and_kid_dis;560.0;;;;7381.729765112847;10719.723570636672;130.41850378663156;130.41850378663156;143.33949546454153;358.2521690856755;502.85356537384024;1217.6241721695392;3688.915622223203;6816.035248906945;22215.55563418392;33626.059095651246;51887.1171000366;57597.08587814161;57597.08587814161;0.0;560.0;0.0;high_variation;accept;accept_100
Per-Dea-Bot-Dia_and_kid_dis;560.0;;;;0.03685130070242864;0.014347844085870205;0.0112839595458;0.0112839595458;0.011743377973771875;0.014491019203402407;0.018770245254283422;0.0277140140883017;0.0354436633513796;0.044687004960745846;0.05726507554514927;0.06229021331035375;0.07364321202576782;0.0744692622689966;0.0744692622689966;0.0;560.0;0.0;high_variation;accept;accept_100
Rat-Dea-Bot-Dia_and_kid_dis;560.0;;;;36.41210717319877;13.772034117051023;12.645199922653203;12.645199922653203;15.040711902422755;16.880042610019316;19.339466441941955;26.82126118497428;35.24580112640855;43.25128308026245;56.94619855131302;63.78257845065361;71.70503731977807;78.16537818528779;78.16537818528779;0.0;560.0;0.0;high_variation;accept;accept_100
Num-Dea-Bot-Ski_and_sub_dis;560.0;;;;382.8137639678659;631.1387069771723;4.535184788688009;4.535184788688009;5.030840907572038;9.126059948170882;13.633683020547004;39.41521031610056;86.73989684527373;378.5758799758258;1406.3964172402532;2103.753185295095;2360.8666774328976;2547.394329678012;2547.394329678012;0.0;560.0;0.0;high_variation;accept;accept_100
Per-Dea-Bot-Ski_and_sub_dis;560.0;;;;0.0017213568085825295;0.0013343009314250134;9.854788309067288e-05;9.854788309067288e-05;0.000150995317926113;0.00023899579605220501;0.00027062580732751;0.0006301625501530499;0.0013268826601149498;0.0023972716438292;0.00396373348013119;0.00430737495236764;0.004659733830846204;0.0049072668939272;0.0049072668939272;0.0;560.0;0.0;high_variation;accept;accept_100
Rat-Dea-Bot-Ski_and_sub_dis;560.0;;;;1.6199988572463428;1.158845017733471;0.0948098593972645;0.0948098593972645;0.15413035410481837;0.2677202170311772;0.3061712582438934;0.6343281904635111;1.2971895286794357;2.480395776337702;3.534883187369609;3.8235584339429822;4.3279844940412735;4.5487023304913725;4.5487023304913725;0.0;560.0;0.0;high_variation;accept;accept_100
Num-Dea-Bot-Mus_dis;560.0;;;;512.4553625668785;808.1207428613616;7.426232404920717;7.426232404920717;7.663501734162311;26.33063668087815;36.11985523759476;58.470668471431765;182.4365455785421;401.9360291180943;1692.7983165409587;2778.6604945868107;3240.3137780428583;3426.671759515996;3426.671759515996;0.0;560.0;0.0;high_variation;accept;accept_100
Per-Dea-Bot-Mus_dis;560.0;;;;0.002567808224199946;0.0015150520800220127;0.0002439586659104;0.0002439586659104;0.00029457897102581904;0.000425783548547495;0.0007195711591639801;0.001410387680044025;0.0022483562177039998;0.00387663663354185;0.00493231917161466;0.005263429663541125;0.005522478632354883;0.0056463779366187;0.0056463779366187;0.0;560.0;0.0;high_variation;accept;accept_100
Rat-Dea-Bot-Mus_dis;560.0;;;;2.414580360449576;1.2422649329926119;0.2755184367608306;0.2755184367608306;0.35080393840566376;0.5883342133725074;0.7339327139256768;1.6101774285700743;2.241653403311887;3.288348065183199;4.305070726827266;4.9129387728304;5.114736994304861;5.204002331374624;5.204002331374624;0.0;560.0;0.0;high_variation;accept;accept_100
Num-Dea-Bot-Nut_def;560.0;;;;239.1159029483372;697.7655493563373;1.293669650765942;1.293669650765942;1.5928532720263706;3.073985808343029;3.9453876046232814;7.509616732802219;46.22306079729819;155.750350777781;387.0498398520467;753.6635947206803;3890.6597028799624;4733.997862856449;4733.997862856449;0.0;560.0;0.0;high_variation;accept;accept_100
Per-Dea-Bot-Nut_def;560.0;;;;0.0009145383464875936;0.0013644657344596231;5.378858904606831e-05;5.378858904606831e-05;5.8407928124641756e-05;6.819690577657619e-05;8.6681502432826e-05;0.000145920696258275;0.0003040642817636;0.0012358339776941999;0.0018621846290513804;0.003069544992108693;0.007168554369411092;0.0078472840845107;0.0078472840845107;0.0;560.0;0.0;high_variation;accept;accept_100
Rat-Dea-Bot-Nut_def;560.0;;;;0.834041103645048;1.1741494092562461;0.0517278378283378;0.0517278378283378;0.05580725617151753;0.07440071964768182;0.08593256475761306;0.1715845984263685;0.3383196499875504;1.1215755428190444;1.6641254831314807;2.944939932284449;6.005208012000202;7.150588092948208;7.150588092948208;0.0;560.0;0.0;high_variation;accept;accept_100
Num-Dea-Bot-Dig_dis;560.0;;;;8841.367573961737;11189.552067323633;190.78960223886227;190.78960223886227;193.1286211316637;592.956772759721;1040.3293945135945;2203.1370011553618;3332.867651181389;10652.396985644296;27344.056158952764;30236.320974410493;45598.91432835671;48419.675761949344;48419.675761949344;0.0;560.0;0.0;high_variation;accept;accept_100
Per-Dea-Bot-Dig_dis;560.0;;;;0.04656987010480106;0.008771418451523414;0.0282428945157964;0.0282428945157964;0.028659689652775454;0.03264759965129909;0.03420409673083719;0.03927730699267975;0.04775705852226045;0.05277152327596405;0.05679392677654526;0.05931151190623651;0.06849837137803144;0.0710886114280111;0.0710886114280111;0.0;560.0;0.0;high_variation;accept;accept_100
Rat-Dea-Bot-Dig_dis;560.0;;;;47.31032843360756;12.435232311682883;22.719967200687517;22.719967200687517;23.19076973625916;26.523545393222008;32.08143109505788;39.635323345603716;46.918342690285556;53.02380149009298;64.8368526549915;71.50725805285295;82.62017963962029;93.25421623529914;93.25421623529914;0.0;560.0;0.0;high_variation;accept;accept_100
Num-Dea-Bot-Mal_ski_mel;560.0;;;;601.6255076476853;738.6318633770435;12.982206352426038;12.982206352426038;14.397065076400866;50.25560389129207;72.65929780382626;157.1427308467446;295.28249149659536;623.9661647079224;1989.3150875435265;2244.2329952811383;3083.2560385686365;3210.868686502842;3210.868686502842;0.0;560.0;0.0;high_variation;accept;accept_100
Per-Dea-Bot-Mal_ski_mel;560.0;;;;0.0036228162209491622;0.0013919831514615842;0.0009637812872355;0.0009637812872355;0.001245624010540652;0.0016234638785350651;0.0019170960068632002;0.002591793964223825;0.00340362968704425;0.00440294840450515;0.005581799922853511;0.006202256058367086;0.007696548464410676;0.0078546996890229;0.0078546996890229;0.0;560.0;0.0;high_variation;accept;accept_100
Rat-Dea-Bot-Mal_ski_mel;560.0;;;;3.5230319300136017;1.097527707862604;1.3739831311562536;1.3739831311562536;1.5706005188349461;1.8629818615992195;2.152066623354305;2.843197447601556;3.374936228529543;4.05715959794687;5.101505362476792;5.756046251995479;6.381919768347676;6.456062210849814;6.456062210849814;0.0;560.0;0.0;high_variation;accept;accept_100
Num-Dea-Bot-Lip_and_ora_cav_can;560.0;;;;665.3311515400785;811.5021251094303;13.355242128457297;13.355242128457297;13.653268372300108;55.76657909601527;64.87671667607248;149.21700228419465;283.58156064225614;960.9884549472973;1949.17254188514;2595.358965583838;2989.099900236444;3025.824983463985;3025.824983463985;0.0;560.0;0.0;high_variation;accept;accept_100
Per-Dea-Bot-Lip_and_ora_cav_can;560.0;;;;0.0035914385783560304;0.0009871460062356424;0.0016992592348587;0.0016992592348587;0.00186519221838035;0.002190016460225105;0.0023789903067470202;0.0031605332447061747;0.00354683806962945;0.0038263727358928247;0.004545639739246411;0.005557035004712035;0.0073080095718765685;0.0075118025479102;0.0075118025479102;0.0;560.0;0.0;high_variation;accept;accept_100
Rat-Dea-Bot-Lip_and_ora_cav_can;560.0;;;;3.676293501552985;1.3893996239182358;1.650110998334516;1.650110998334516;1.8730338008064746;2.0702421011572962;2.186608663987214;2.858855728209269;3.439385914933217;4.182394049489203;5.14526038028404;5.544998607747026;9.438873998679172;9.945174318829816;9.945174318829816;0.0;560.0;0.0;high_variation;accept;accept_100
Num-Dea-Bot-Tra_bro_and_lun_can;560.0;;;;10978.072076863878;13975.437639994569;238.14255713294864;238.14255713294864;259.4934531188388;732.8860494090087;1115.5506681597578;2168.7850486143234;4237.764955690474;10518.155988591308;36712.643373206134;40045.55352988517;52934.780577808706;54378.70999373568;54378.70999373568;0.0;560.0;0.0;high_variation;accept;accept_100
Per-Dea-Bot-Tra_bro_and_lun_can;560.0;;;;0.05705852746069262;0.014063783753810233;0.0218117854377761;0.0218117854377761;0.032455043954395205;0.03569919432106026;0.03732343753800191;0.04467846652064333;0.0584079884508911;0.06891551476596197;0.07453949084084056;0.07736178694161366;0.0870900633381058;0.0886568669015247;0.0886568669015247;0.0;560.0;0.0;high_variation;accept;accept_100
Rat-Dea-Bot-Tra_bro_and_lun_can;560.0;;;;56.6034845522135;13.088203423116575;34.297448875514604;34.297448875514604;36.502702240836506;40.06136711965927;42.134070867394676;45.63086928496386;54.966588727876754;64.1925079314895;73.76389341795503;78.53329800573087;93.69320854265962;95.75604596145132;95.75604596145132;0.0;560.0;0.0;high_variation;accept;accept_100
Num-Dea-Bot-Non_ski_can;560.0;;;;242.48482844972324;283.38867163343934;3.47909428907908;3.47909428907908;3.9716029844377263;17.628964693369525;30.923003023729784;51.91234884155571;113.2332330482887;286.5354200033302;722.1851524923923;895.2866111778975;1023.784511547698;1083.5881795257944;1083.5881795257944;0.0;560.0;0.0;high_variation;accept;accept_100
Per-Dea-Bot-Non_ski_can;560.0;;;;0.0013628088073235761;0.00038767228365453344;0.0006174712396855;0.0006174712396855;0.00071727184363678;0.000804286610502465;0.00089126824056707;0.001060622192343175;0.00131963331898725;0.001632590150680825;0.00183726092568302;0.0019806938260204647;0.002605717063593262;0.0027544525029126;0.0027544525029126;0.0;560.0;0.0;high_variation;accept;accept_100
Rat-Dea-Bot-Non_ski_can;560.0;;;;1.3755196321860033;0.44081400874615007;0.6266170844679301;0.6266170844679301;0.6569483244357497;0.7760294235413038;0.8491926448490674;1.0378679076354924;1.3268468962695033;1.619082206346568;2.012247201007351;2.2383311348797577;2.572413897160898;2.714198859994472;2.714198859994472;0.0;560.0;0.0;high_variation;accept;accept_100
Num-Dea-Bot-Tot_can;560.0;;;;51069.72977485646;65707.02857695664;1068.9211700834387;1068.9211700834387;1122.9513689965868;3717.4091385308025;5743.531454031949;11372.098920395118;22957.362706254462;47707.36899296509;169409.47837701472;185476.94261108412;260832.6933456634;270525.45571318705;270525.45571318705;0.0;560.0;0.0;high_variation;accept;accept_100
Per-Dea-Bot-Tot_can;560.0;;;;0.26906106895667187;0.04415698006690327;0.1120507207979897;0.1120507207979897;0.155931996879976;0.1836932496975896;0.20030396694001726;0.25041078112928383;0.2758624964368721;0.29964135265844466;0.31454043843393414;0.33013095423117594;0.3575178922346097;0.3614958332454281;0.3614958332454281;0.0;560.0;0.0;high_variation;accept;accept_100
Rat-Dea-Bot-Tot_can;560.0;;;;267.32533515715;36.69443777890473;180.03939806608534;180.03939806608534;189.96032704673436;204.24666716401;220.35190877607903;243.68497326945604;268.74058477979304;291.0671340157283;313.20225020673547;322.9388425655082;356.2111187776763;363.14331204475855;363.14331204475855;0.0;560.0;0.0;high_variation;accept;accept_100
Num-YLD-Bot-Men_dis;560.0;;;;375424.42377979023;478986.64926040045;8941.150145455465;8941.150145455465;9452.749702910196;24707.119592628373;35490.51560197648;86616.09674370442;167313.21581815905;342389.5597793802;1296651.9446642608;1424214.4405102523;1724867.8738089933;1762740.9207169327;1762740.9207169327;0.0;560.0;0.0;high_variation;accept;accept_100
Per-YLD-Bot-Men_dis;560.0;;;;0.15036347562045732;0.021787476927109545;0.1084551344449888;0.1084551344449888;0.11124041521528023;0.11745275678155531;0.12232137872550303;0.13222082884041253;0.14958472887398694;0.16414820636630742;0.18223452077079838;0.1885070737451941;0.20057534535127874;0.211661616580326;0.211661616580326;0.0;560.0;0.0;high_variation;accept;accept_100
Rat-YLD-Bot-Men_dis;560.0;;;;1983.2343180570012;308.63095845121745;1367.9198729512038;1367.9198729512038;1373.2077408437503;1532.437524178793;1569.4802969432014;1692.8410810277574;2015.0236082071008;2174.6995919568526;2317.871268578087;2578.3265270260786;2689.8434502756677;2754.014189983486;2754.014189983486;0.0;560.0;0.0;high_variation;accept;accept_100
Num-YLD-Bot-Res_inf_and_tub;560.0;;;;19866.697615547502;24363.093229298604;472.2635353085537;472.2635353085537;498.0476735699027;1509.0990227468023;1929.6355864345014;5220.851659275267;9019.505846550834;18480.28257402787;68366.42445239266;73417.44981518936;86502.45572352788;88190.08559774222;88190.08559774222;0.0;560.0;0.0;high_variation;accept;accept_100
Per-YLD-Bot-Res_inf_and_tub;560.0;;;;0.00818828620598083;0.0009265435720165567;0.0063642612834774;0.0063642612834774;0.006484737658527615;0.00688098178997821;0.007167761706907911;0.0075726932671069495;0.0080703215156512;0.008655087996007125;0.009257754583343691;0.010013963405884065;0.011127771149274126;0.0117608229839373;0.0117608229839373;0.0;560.0;0.0;high_variation;accept;accept_100
Rat-YLD-Bot-Res_inf_and_tub;560.0;;;;108.18191947969056;9.911412312241925;89.46635593545392;89.46635593545392;90.02434047351255;92.92115643850548;95.99881756366355;102.8434896604824;107.6785164695665;112.25021681572609;118.34402696712411;127.27183144601727;143.7432293864854;145.63602705571307;145.63602705571307;0.0;560.0;0.0;high_variation;accept;accept_100
Num-YLD-Bot-Neo;560.0;;;;51449.23702822295;70552.37006366486;1098.0963300356432;1098.0963300356432;1249.6505014301918;3371.621353327019;4703.652901124388;11589.16121900628;24057.04182118921;40348.186420222286;184378.0746308617;220104.39910732402;275098.48702638375;289133.00345621345;289133.00345621345;0.0;560.0;0.0;high_variation;accept;accept_100
Per-YLD-Bot-Neo;560.0;;;;0.019658707325246345;0.0034406008935581795;0.0098729693236041;0.0098729693236041;0.011327502097174542;0.01336232324885806;0.014656218830195961;0.01772179235020275;0.02003673755471765;0.0220723707431252;0.02350371650713227;0.025311055027006275;0.027494656846141198;0.0285528357189705;0.0285528357189705;0.0;560.0;0.0;high_variation;accept;accept_100
Rat-YLD-Bot-Neo;560.0;;;;260.6635035274464;51.864356378974435;119.8358741509925;119.8358741509925;133.74321594622884;160.69994886372737;185.96620630460973;233.1052376218118;266.75959917695604;294.27780761008285;316.98554415339305;338.7981834716992;373.46993753661746;383.3347525378626;383.3347525378626;0.0;560.0;0.0;high_variation;accept;accept_100
Num-YLD-Bot-Car_dis;560.0;;;;109240.0717532173;129713.2424025515;2411.53449192748;2411.53449192748;2610.3554073521523;9458.223447783746;14575.409119291251;26260.993252845812;56482.89953376227;111729.69478401312;303988.2477010344;357186.59795375576;552632.3730575718;567598.5969428113;567598.5969428113;0.0;560.0;0.0;high_variation;accept;accept_100
Per-YLD-Bot-Car_dis;560.0;;;;0.04838850358126179;0.012997725780181922;0.02707903014464;0.02707903014464;0.027309894575405915;0.029336801056603967;0.03332594928542809;0.03708787971565708;0.0442825972622006;0.060479708127077994;0.06539049743662687;0.06891304834071985;0.07755069717007299;0.0795381205809658;0.0795381205809658;0.0;560.0;0.0;high_variation;accept;accept_100
Rat-YLD-Bot-Car_dis;560.0;;;;635.4624029856968;162.91465453004437;330.63246334013763;330.63246334013763;336.45532356083964;388.05909764223117;446.5434392631366;496.88237684482874;628.1853796681796;759.3647738686517;862.5542126126877;886.898384891266;1029.7959720120323;1080.2840848676074;1080.2840848676074;0.0;560.0;0.0;high_variation;accept;accept_100
Num-YLD-Bot-Chr_res_dis;560.0;;;;104799.48060076167;140332.56508463257;2539.9677880231147;2539.9677880231147;2608.097705391268;3148.0443179199683;6055.987416379258;23771.030349273115;45087.2543668133;97500.85931555694;287054.7877654244;521040.50874196144;539525.7655671211;549775.7321098588;549775.7321098588;0.0;560.0;0.0;high_variation;accept;accept_100
Per-YLD-Bot-Chr_res_dis;560.0;;;;0.04002413604685438;0.012450125046720323;0.0150522747036727;0.0150522747036727;0.015367603546635465;0.018728564858898445;0.02174233605464955;0.03335662766635063;0.038156436897988796;0.05088643790415017;0.05616284799594316;0.06063937085898071;0.06325088744931048;0.0641792201480993;0.0641792201480993;0.0;560.0;0.0;high_variation;accept;accept_100
Rat-YLD-Bot-Chr_res_dis;560.0;;;;527.2374618959093;169.44860085526545;190.50173076147053;190.50173076147053;195.77087551966443;249.2658076156114;263.73901400708445;425.8518295501067;509.803650974522;651.8126622290972;748.8744706761297;807.5693545209875;865.5116907446821;868.4840047948551;868.4840047948551;0.0;560.0;0.0;high_variation;accept;accept_100
Num-YLD-Bot-Neu_dis;560.0;;;;214281.0971896389;281389.0871069496;4630.464705423523;4630.464705423523;5064.571737870969;14478.767204194615;21620.77450964022;51648.45909387299;99737.54351813473;195613.21458937827;723472.0869443718;799590.9963756561;1134583.5814306308;1155124.072801506;1155124.072801506;0.0;560.0;0.0;high_variation;accept;accept_100
Per-YLD-Bot-Neu_dis;560.0;;;;0.08283317505180823;0.005719476859657473;0.0735257029878118;0.0735257029878118;0.07400829425505294;0.0754581151971621;0.07643509323354823;0.07813876204567873;0.08171266954490314;0.08642468581775113;0.09088350897804305;0.09453354523121374;0.09553405717002533;0.0974814392404146;0.0974814392404146;0.0;560.0;0.0;high_variation;accept;accept_100
Rat-YLD-Bot-Neu_dis;560.0;;;;1099.1822788753132;99.98457872675152;909.7080299323476;909.7080299323476;934.7757856490791;973.7329517301015;995.07867942692;1030.1381919725745;1081.1392085668535;1133.006400563031;1267.124038184893;1337.5871256527191;1374.1545580145307;1393.048358260757;1393.048358260757;0.0;560.0;0.0;high_variation;accept;accept_100
Num-YLD-Bot-Sub_use_dis;560.0;;;;77311.05073339256;100830.93149737344;2252.347136012241;2252.347136012241;2405.229346857857;7899.100927777488;8607.165534075892;19790.55881459924;37608.25852639921;56352.83575342917;235472.4345609672;315528.1369737389;439461.66962732596;454749.2506736915;454749.2506736915;0.0;560.0;0.0;high_variation;accept;accept_100
Per-YLD-Bot-Sub_use_dis;560.0;;;;0.03286220439284951;0.007657207968423968;0.0182913794479586;0.0182913794479586;0.019549692259843467;0.022547630703114975;0.02370129821317688;0.02809219303650735;0.03071853907607405;0.037780768817167146;0.045520082130562946;0.049023797609410204;0.05088171609011205;0.0535250217424491;0.0535250217424491;0.0;560.0;0.0;high_variation;accept;accept_100
Rat-YLD-Bot-Sub_use_dis;560.0;;;;432.30433263867826;98.1487209811654;271.13762496374267;271.13762496374267;278.0256265865329;293.01578519155146;307.55916837845496;372.77507594227563;408.37898541133694;495.76830290400426;585.3344346899179;638.2272206581869;658.5305808579119;691.4888873483565;691.4888873483565;0.0;560.0;0.0;high_variation;accept;accept_100
Num-YLD-Bot-Dia_and_kid_dis;560.0;;;;133730.8217570733;177449.0037316415;1633.3135483987446;1633.3135483987446;2283.85966476379;8623.01194856686;13183.421332521153;26892.806342672753;61044.07227536557;121552.26615332066;419148.7641952171;573530.7460065061;718941.8967977739;873688.7406095578;873688.7406095578;0.0;560.0;0.0;high_variation;accept;accept_100
Per-YLD-Bot-Dia_and_kid_dis;560.0;;;;0.05236954215234124;0.014452803807219671;0.0222965156463332;0.0222965156463332;0.024205837373915535;0.02945509023712123;0.03472178563036355;0.0425842191512939;0.0508198261973187;0.06264128471607548;0.07098159430854656;0.07504161046051627;0.09592753214779726;0.1121479242113716;0.1121479242113716;0.0;560.0;0.0;high_variation;accept;accept_100
Rat-YLD-Bot-Dia_and_kid_dis;560.0;;;;696.4650466046832;206.76128831749975;278.07130652383256;278.07130652383256;295.594338348607;379.9409014499614;448.2658037335847;555.400223660602;680.150319244001;834.9644599734794;970.7874592373036;1017.3109473833955;1307.799455280256;1574.1615778261655;1574.1615778261655;0.0;560.0;0.0;high_variation;accept;accept_100
Num-YLD-Bot-Ski_and_sub_dis;560.0;;;;120199.77686995939;162793.9302521135;3048.328938770218;3048.328938770218;3285.7607903985368;6321.174913364165;8305.569882920145;26513.153839387072;47513.69658082577;93834.09233514802;434152.7908228282;538049.4559944513;560564.4529700117;575738.2964516751;575738.2964516751;0.0;560.0;0.0;high_variation;accept;accept_100
Per-YLD-Bot-Ski_and_sub_dis;560.0;;;;0.044767805307368735;0.0105489263942172;0.0274192914569663;0.0274192914569663;0.0276087270135438;0.029533300636186078;0.03093425074841858;0.033273470144208325;0.04940798132987935;0.05266371455933475;0.056531283589089876;0.05769712108111922;0.06611070666506112;0.0674049621307586;0.0674049621307586;0.0;560.0;0.0;high_variation;accept;accept_100
Rat-YLD-Bot-Ski_and_sub_dis;560.0;;;;592.7808995079057;144.6565503681513;369.24839883779833;369.24839883779833;369.5706608222848;392.3698023329161;398.4764565606811;420.0843613986878;672.3667733592573;704.5565197336268;740.5074357325866;747.8472254975994;839.0999010654439;840.4316635185921;840.4316635185921;0.0;560.0;0.0;high_variation;accept;accept_100
Num-YLD-Bot-Mus_dis;560.0;;;;491879.0908875883;658318.9034248934;11300.590297733186;11300.590297733186;12388.821245797319;26041.267652801027;42693.1246104461;106797.71040150392;214685.22490055775;425806.9242308546;1771179.3593691597;1929729.1843399985;2560714.7243751884;2648922.987559598;2648922.987559598;0.0;560.0;0.0;high_variation;accept;accept_100
Per-YLD-Bot-Mus_dis;560.0;;;;0.18733094093695374;0.02780768486421695;0.1407524250003924;0.1407524250003924;0.14297696537094476;0.1482923207281536;0.15165461928659954;0.1604636436737203;0.18807900111566075;0.20841757776530423;0.22018265327981815;0.24008491592400888;0.24506463122263064;0.249087212215565;0.249087212215565;0.0;560.0;0.0;high_variation;accept;accept_100
Rat-YLD-Bot-Mus_dis;560.0;;;;2483.2629703249627;436.09409597250044;1754.2676440182229;1754.2676440182229;1800.083340593282;1896.045713065135;1945.7975400622822;2076.881583683163;2506.7911782378246;2750.341086528958;3118.9873113817184;3204.8393270452566;3433.9599238783685;3498.8813508886856;3498.8813508886856;0.0;560.0;0.0;high_variation;accept;accept_100
Num-YLD-Bot-Nut_def;560.0;;;;25896.440194843504;32555.716510362232;514.3198074023558;514.3198074023558;573.7493142384584;1982.0491223562676;2692.7601471492812;5390.403466905042;9889.891916821805;23508.07552989338;89805.6679910957;96831.4805517336;108080.36795015419;112987.63604498714;112987.63604498714;0.0;560.0;0.0;high_variation;accept;accept_100
Per-YLD-Bot-Nut_def;560.0;;;;0.010299407815913911;0.002726778003976706;0.0056782538248268;0.0056782538248268;0.005792469624888663;0.0068908976380140105;0.00742356031223497;0.008558119091522374;0.00947701485885085;0.01185572558357855;0.01460181041005802;0.015834513530155487;0.017604615497977188;0.0192677122221928;0.0192677122221928;0.0;560.0;0.0;high_variation;accept;accept_100
Rat-YLD-Bot-Nut_def;560.0;;;;135.4482453431392;32.13223400767928;78.9552869178389;78.9552869178389;80.2107748554158;92.12726516692373;100.95711712224261;113.4671228718112;124.43278972882936;153.01820642595266;186.2027813740603;198.95243546507197;211.88536334593846;225.5996896782044;225.5996896782044;0.0;560.0;0.0;high_variation;accept;accept_100
Num-YLD-Bot-Dig_dis;560.0;;;;54492.22678031127;70849.57263731441;1150.7207297420557;1150.7207297420557;1275.1912750282581;4519.461954240212;7498.423769319099;14708.318833303223;24446.29130117436;47927.442523870515;217998.6160669337;235709.58585536058;252269.64694638364;277496.5540706658;277496.5540706658;0.0;560.0;0.0;high_variation;accept;accept_100
Per-YLD-Bot-Dig_dis;560.0;;;;0.023012770191195197;0.006133137895117121;0.0125981941347418;0.0125981941347418;0.012638179236253969;0.01384439383808667;0.01464448516095571;0.016755068264784248;0.02577428715708615;0.028009466132662673;0.03085382523704293;0.03123911241045283;0.03299277307113294;0.0333931569720422;0.0333931569720422;0.0;560.0;0.0;high_variation;accept;accept_100
Rat-YLD-Bot-Dig_dis;560.0;;;;303.5306133117168;78.82316394650483;170.54116065961526;170.54116065961526;174.8118993997796;181.40359783330968;184.8168822688648;236.82868317657926;335.41493515500713;366.583583691937;396.09291826879434;409.2702988363336;439.8365665083616;447.8078212507068;447.8078212507068;0.0;560.0;0.0;high_variation;accept;accept_100
Num-YLD-Bot-Mal_ski_mel;560.0;;;;1516.8707530913762;2131.5585819881844;34.52900500891465;34.52900500891465;44.49395754471403;70.39672884742693;106.7596541625308;261.89404788140916;629.37641308424;1308.0214754624806;5463.137098259842;6426.907994042079;9289.849352095103;9707.980669639392;9707.980669639392;0.0;560.0;0.0;high_variation;accept;accept_100
Per-YLD-Bot-Mal_ski_mel;560.0;;;;0.0006181392547181544;0.0003008444300562169;0.0001077296562388;0.0001077296562388;0.000130885059536235;0.00018819456969974501;0.00023924819870924;0.000383734485083675;0.0005858445250898001;0.0007910129302726751;0.0010463389050486803;0.0012253604909249;0.001370426116651427;0.0013835141517443;0.0013835141517443;0.0;560.0;0.0;high_variation;accept;accept_100
Rat-YLD-Bot-Mal_ski_mel;560.0;;;;8.219549636787445;4.022259385915245;1.2578960920298494;1.2578960920298494;1.6031423128260263;2.3676230690431503;3.106343958475925;5.091469965069325;7.807220506241621;10.615987969692613;13.981466564635673;16.29034884564763;17.727348887330393;18.10485570347822;18.10485570347822;0.0;560.0;0.0;high_variation;accept;accept_100
Num-YLD-Bot-Lip_and_ora_cav_can;560.0;;;;738.870996599869;1002.5547308750988;18.247092626076714;18.247092626076714;18.711527362616977;44.66280262461711;52.3486617683136;134.55115403092736;270.6294463878497;706.3228843660322;2882.0112847175874;3156.1457261736296;3503.636108209072;3722.24837467146;3722.24837467146;0.0;560.0;0.0;high_variation;accept;accept_100
Per-YLD-Bot-Lip_and_ora_cav_can;560.0;;;;0.00027862486856000825;8.998397192572347e-05;0.0001430122073798;0.0001430122073798;0.000155074172270158;0.00016551719424782;0.0001863828689316;0.00020776962173045;0.0002663345587779;0.00032621228302955;0.00039417654397647003;0.00048198931289351;0.0005562518802324646;0.0005833720529732;0.0005833720529732;0.0;560.0;0.0;high_variation;accept;accept_100
Rat-YLD-Bot-Lip_and_ora_cav_can;560.0;;;;3.67806532991883;1.187698147424974;1.846421906478476;1.846421906478476;1.9322874645618568;2.159148732206231;2.44231568162333;2.6990890962839247;3.4950222529579498;4.3274759123901205;5.450322573323101;6.197806540458925;7.118667064421328;7.496130949114897;7.496130949114897;0.0;560.0;0.0;high_variation;accept;accept_100
Num-YLD-Bot-Tra_bro_and_lun_can;560.0;;;;2960.747377376618;3919.944224889768;61.0145774397579;61.0145774397579;69.28071279195116;165.98274389975734;274.768028085684;624.7099867350679;1106.4720624679617;2614.3731120040075;9986.616542629945;11307.059289262514;15543.968071057949;15980.037960793112;15980.037960793112;0.0;560.0;0.0;high_variation;accept;accept_100
Per-YLD-Bot-Tra_bro_and_lun_can;560.0;;;;0.0011318114957265695;0.00025262441660858326;0.0005727060270731;0.0005727060270731;0.0006430000090280319;0.0007195859732925;0.0008427912939691;0.0009441686643304751;0.00112847243856235;0.0012849123690643;0.00148197943883107;0.0016289011359110499;0.0017456621009122554;0.0017945990875837;0.0017945990875837;0.0;560.0;0.0;high_variation;accept;accept_100
Rat-YLD-Bot-Tra_bro_and_lun_can;560.0;;;;14.899569483537666;3.4419537955292263;7.705492420442031;7.705492420442031;8.743567359526269;9.594439289324656;10.476312763863787;12.317782351735433;14.758440997143317;16.989605827496153;19.97875228387766;21.159110214225247;22.693467737553092;23.21428239363668;23.21428239363668;0.0;560.0;0.0;high_variation;accept;accept_100
Num-YLD-Bot-Non_ski_can;560.0;;;;121.09793770363717;163.45638317431045;2.357291215489912;2.357291215489912;2.7144406399013072;4.021151915498302;7.676618542254201;22.45230179853585;49.12818738979276;108.74927723131026;414.7899263499875;518.7359185198477;629.6167118477191;676.7936817376215;676.7936817376215;0.0;560.0;0.0;high_variation;accept;accept_100
Per-YLD-Bot-Non_ski_can;560.0;;;;4.612724932925741e-05;1.9401341730801293e-05;1.4276477191270351e-05;1.4276477191270351e-05;1.5749494164654395e-05;2.1385578937400386e-05;2.4324994609404175e-05;2.8609405474781975e-05;4.736811190606759e-05;5.7397012397473144e-05;6.745654578181426e-05;7.395617126204902e-05;0.00011591725861310975;0.0001374465958586;0.0001374465958586;0.0;560.0;0.0;high_variation;accept;accept_100
Rat-YLD-Bot-Non_ski_can;560.0;;;;0.6127999222195576;0.2727303337606524;0.1648245162645314;0.1648245162645314;0.18773500743184668;0.2682345937738146;0.3062001150494467;0.37371636036407574;0.636444912287249;0.7699830511175191;0.9054750788382508;1.023125174382483;1.6444137858688201;2.010122977721123;2.010122977721123;0.0;560.0;0.0;high_variation;accept;accept_100
Num-YLD-Bot-Tot_can;560.0;;;;50065.812792296354;68997.76993462609;1077.728174444112;1077.728174444112;1224.2448879813253;3118.0102203566516;4150.111077317305;11222.191844629217;23045.62816235931;37939.84903198866;178094.31117990255;210516.49050241368;272048.7139410867;287317.03064926644;287317.03064926644;0.0;560.0;0.0;high_variation;accept;accept_100
Per-YLD-Bot-Tot_can;560.0;;;;0.01895516901411391;0.003570194749298549;0.0093335949941706;0.0093335949941706;0.010414063071357524;0.01248273112331855;0.013816702305376401;0.0167734263738512;0.01940114930054035;0.0214444238419237;0.02295459886368087;0.024243293601470376;0.027196771084361304;0.0282688563227074;0.0282688563227074;0.0;560.0;0.0;high_variation;accept;accept_100
Rat-YLD-Bot-Tot_can;560.0;;;;251.35541279971554;53.10287293724126;109.23445640246076;109.23445640246076;125.49151156079749;150.8829129378431;172.6780358539667;217.6396068948683;259.13604588535844;287.3185747934692;313.50868888528964;335.1549727777341;360.5249864275648;377.4877568968662;377.4877568968662;0.0;560.0;0.0;high_variation;accept;accept_100
High_temperature;560.0;;;;0.8857142857142857;0.31844241421803887;0.0;0.0;0.0;0.0;0.0;1.0;1.0;1.0;1.0;1.0;1.0;1.0;1.0;0.0;560.0;0.0;50_variation;accept;accept_100
Heat_wave;560.0;;;;0.5160714285714286;0.5001884388071972;0.0;0.0;0.0;0.0;0.0;0.0;1.0;1.0;1.0;1.0;1.0;1.0;1.0;0.0;560.0;0.0;high_variation;accept;accept_100
Days_w_High_temperature;560.0;;;;6.798214285714286;6.437284927270049;0.0;0.0;0.0;0.0;0.0;2.0;5.0;10.0;16.0;21.0;28.0;29.0;29.0;0.0;560.0;0.0;high_variation;accept;accept_100
Days_w_Heat_wave;560.0;;;;2.2982142857142858;3.631308455488338;0.0;0.0;0.0;0.0;0.0;0.0;1.0;3.0;7.0;11.0;15.0;19.0;19.0;0.0;560.0;0.0;high_variation;accept;accept_100
